transaction_id,user_id,amount,channel,status,refund,timestamp
T00000,U126,73.61,web,success,FALSE,5/05/2025 10:32
T00001,U842,200.4,web,success,FALSE,3/04/2025 11:21
T00002,U115,193.74,in_store,success,FALSE,20/03/2025 3:45
T00003,U505,305.71,web,success,TRUE,16/03/2025 19:43
T00004,U650,56.28,in_store,success,FALSE,24/03/2025 8:12
T00005,U706,379.91,mobile_app,success,FALSE,15/04/2025 1:42
T00006,U333,180.56,in_store,success,FALSE,16/02/2025 12:31
T00007,U421,192.68,web,success,TRUE,24/04/2025 6:31
T00008,U514,390.72,in_store,success,FALSE,7/04/2025 9:49
T00009,U668,157.28,mobile_app,success,FALSE,10/05/2025 12:05
T00010,U859,374.27,web,success,FALSE,6/05/2025 12:50
T00011,U308,14.06,in_store,success,FALSE,28/03/2025 8:07
T00012,U970,384.59,web,success,FALSE,20/02/2025 10:39
T00013,U892,378.2,in_store,success,FALSE,26/04/2025 10:28
T00014,U710,426.39,web,success,TRUE,23/02/2025 19:59
T00015,U349,94.71,in_store,success,FALSE,6/03/2025 21:02
T00016,U666,280.46,mobile_app,success,FALSE,23/04/2025 19:56
T00017,U329,451.73,in_store,success,FALSE,28/03/2025 23:34
T00018,U725,55.96,in_store,success,FALSE,16/04/2025 5:54
T00019,U829,293.25,in_store,success,FALSE,29/04/2025 19:34
T00020,U261,218.15,web,success,FALSE,3/05/2025 6:06
T00021,U976,11.89,web,success,TRUE,21/04/2025 11:30
T00022,U907,80.7,web,success,FALSE,14/04/2025 4:24
T00023,U906,72.08,web,success,FALSE,1/05/2025 10:02
T00024,U751,87.72,in_store,success,FALSE,1/05/2025 19:04
T00025,U379,116.57,mobile_app,success,FALSE,16/04/2025 11:34
T00026,U945,347.21,in_store,success,FALSE,11/02/2025 16:54
T00027,U117,363.76,in_store,success,FALSE,20/04/2025 5:04
T00028,U743,151.85,web,success,FALSE,27/03/2025 4:34
T00029,U562,444.08,in_store,success,FALSE,16/03/2025 15:51
T00030,U317,265.79,in_store,success,FALSE,9/04/2025 0:07
T00031,U555,396.16,in_store,success,FALSE,11/05/2025 16:43
T00032,U860,125.92,in_store,success,FALSE,15/04/2025 1:07
T00033,U532,23.81,web,success,FALSE,14/02/2025 3:57
T00034,U215,218.03,mobile_app,failed,FALSE,7/04/2025 4:43
T00035,U296,417.6,mobile_app,failed,FALSE,22/04/2025 9:48
T00036,U254,318.8,in_store,success,FALSE,9/04/2025 7:18
T00037,U911,447.58,mobile_app,success,FALSE,6/03/2025 22:53
T00038,U937,471.97,mobile_app,success,FALSE,5/03/2025 16:29
T00039,U547,13.92,in_store,success,FALSE,16/04/2025 18:49
T00040,U856,436.83,mobile_app,success,FALSE,18/02/2025 23:51
T00041,U767,202.62,mobile_app,success,FALSE,2/03/2025 21:33
T00042,U193,92.38,web,success,FALSE,15/03/2025 3:10
T00043,U108,369.57,in_store,success,FALSE,9/04/2025 3:46
T00044,U199,337.22,in_store,success,FALSE,1/04/2025 18:45
T00045,U358,432.4,in_store,success,FALSE,2/05/2025 0:33
T00046,U727,41.89,mobile_app,success,FALSE,16/03/2025 12:34
T00047,U225,303.57,web,success,FALSE,15/04/2025 22:09
T00048,U455,391.1,web,success,TRUE,13/04/2025 16:25
T00049,U188,155.84,mobile_app,success,FALSE,21/04/2025 15:51
T00050,U362,337.68,web,failed,TRUE,4/04/2025 11:32
T00051,U465,331.57,in_store,success,FALSE,3/04/2025 17:41
T00052,U173,427.63,mobile_app,success,FALSE,1/03/2025 22:06
T00053,U650,138.49,mobile_app,success,FALSE,27/03/2025 15:53
T00054,U509,342.02,mobile_app,failed,FALSE,18/02/2025 5:38
T00055,U655,490.04,in_store,success,TRUE,7/04/2025 7:30
T00056,U383,163.71,mobile_app,success,FALSE,23/03/2025 2:43
T00057,U406,426.41,in_store,success,FALSE,26/02/2025 5:29
T00058,U423,293.24,web,failed,FALSE,15/04/2025 20:10
T00059,U163,63.48,web,success,FALSE,18/04/2025 16:22
T00060,U888,373.69,in_store,success,FALSE,19/04/2025 13:33
T00061,U588,248.96,web,success,FALSE,28/02/2025 22:21
T00062,U640,77.74,mobile_app,success,FALSE,10/05/2025 10:23
T00063,U690,170.86,in_store,success,FALSE,3/05/2025 22:13
T00064,U462,323.03,mobile_app,success,FALSE,26/03/2025 7:52
T00065,U291,405.13,in_store,success,FALSE,14/03/2025 2:19
T00066,U671,369.37,mobile_app,success,FALSE,26/02/2025 4:15
T00067,U111,316.34,mobile_app,success,FALSE,2/03/2025 1:02
T00068,U625,466.45,mobile_app,success,FALSE,13/03/2025 4:45
T00069,U569,452.57,mobile_app,success,FALSE,1/04/2025 12:35
T00070,U677,244.6,web,success,FALSE,8/05/2025 3:49
T00071,U876,247.34,web,success,TRUE,24/03/2025 11:59
T00072,U531,109.42,mobile_app,success,FALSE,3/05/2025 20:52
T00073,U811,332.78,mobile_app,success,FALSE,16/03/2025 16:28
T00074,U699,421.19,web,success,FALSE,20/02/2025 2:31
T00075,U406,63.46,web,success,FALSE,30/04/2025 0:22
T00076,U823,330.57,in_store,success,FALSE,30/03/2025 13:32
T00077,U194,69.14,web,success,FALSE,12/04/2025 12:45
T00078,U115,246.9,web,success,FALSE,7/05/2025 21:28
T00079,U926,310.63,mobile_app,success,FALSE,27/04/2025 23:33
T00080,U237,80.51,mobile_app,success,FALSE,4/04/2025 13:55
T00081,U397,17.26,web,failed,FALSE,18/02/2025 6:09
T00082,U809,44.55,mobile_app,failed,FALSE,21/03/2025 20:12
T00083,U683,326.34,in_store,success,FALSE,10/05/2025 17:40
T00084,U934,133.61,in_store,success,TRUE,1/03/2025 12:38
T00085,U130,197.03,web,success,FALSE,30/04/2025 15:37
T00086,U420,431.52,in_store,success,FALSE,27/02/2025 2:10
T00087,U896,397.21,in_store,success,FALSE,10/05/2025 22:16
T00088,U774,319.92,mobile_app,failed,FALSE,3/03/2025 5:43
T00089,U884,224.75,in_store,success,TRUE,20/03/2025 9:37
T00090,U534,164.78,mobile_app,success,FALSE,16/04/2025 15:41
T00091,U137,467.16,web,success,FALSE,2/04/2025 17:44
T00092,U529,212.47,in_store,success,FALSE,11/04/2025 6:27
T00093,U297,215.09,mobile_app,success,FALSE,14/02/2025 0:41
T00094,U473,264.64,web,success,FALSE,20/02/2025 16:40
T00095,U574,330.53,web,success,FALSE,20/04/2025 11:41
T00096,U155,61.95,web,success,FALSE,6/04/2025 9:43
T00097,U922,254.82,mobile_app,success,FALSE,8/03/2025 1:52
T00098,U853,415.07,web,success,FALSE,17/03/2025 1:36
T00099,U117,40.92,in_store,failed,FALSE,3/03/2025 0:21
T00100,U950,93.79,mobile_app,success,FALSE,15/02/2025 4:07
T00101,U105,134.15,mobile_app,success,FALSE,19/03/2025 3:19
T00102,U351,187.95,in_store,success,FALSE,12/02/2025 21:33
T00103,U191,15.51,mobile_app,success,FALSE,8/05/2025 14:11
T00104,U869,355.13,mobile_app,failed,FALSE,14/02/2025 19:42
T00105,U918,116.34,web,success,TRUE,20/04/2025 14:12
T00106,U390,202.32,mobile_app,success,FALSE,16/04/2025 20:54
T00107,U230,280.95,web,success,FALSE,2/05/2025 3:11
T00108,U332,210.36,mobile_app,success,TRUE,21/04/2025 14:41
T00109,U930,114.85,mobile_app,success,FALSE,24/03/2025 4:20
T00110,U100,278.45,web,success,FALSE,17/04/2025 4:28
T00111,U570,10.62,web,success,FALSE,22/04/2025 15:11
T00112,U799,398.49,web,success,FALSE,9/05/2025 11:21
T00113,U215,380.45,web,success,FALSE,15/03/2025 22:23
T00114,U151,403.05,in_store,success,FALSE,11/03/2025 7:48
T00115,U285,167.03,mobile_app,success,FALSE,13/03/2025 23:46
T00116,U789,131.37,mobile_app,success,FALSE,4/04/2025 5:41
T00117,U294,309.85,mobile_app,failed,FALSE,27/03/2025 20:01
T00118,U540,224.61,in_store,success,FALSE,16/03/2025 4:44
T00119,U121,293.48,in_store,success,FALSE,20/04/2025 7:19
T00120,U295,298.95,web,success,FALSE,2/05/2025 7:28
T00121,U340,12.31,in_store,success,FALSE,7/05/2025 1:43
T00122,U118,462.48,web,success,FALSE,17/03/2025 7:14
T00123,U600,403.1,web,success,FALSE,15/02/2025 0:29
T00124,U119,449.21,web,success,FALSE,4/03/2025 20:35
T00125,U833,159.26,mobile_app,success,TRUE,15/02/2025 10:17
T00126,U357,457.73,mobile_app,failed,FALSE,3/05/2025 13:20
T00127,U589,130.12,web,success,FALSE,24/04/2025 5:55
T00128,U612,386.78,web,failed,TRUE,11/02/2025 17:10
T00129,U432,149.81,web,success,FALSE,30/04/2025 19:01
T00130,U500,251.27,web,success,FALSE,24/04/2025 6:54
T00131,U869,324.28,web,success,FALSE,9/04/2025 6:58
T00132,U256,338.84,in_store,success,FALSE,25/03/2025 1:06
T00133,U337,411.67,web,success,FALSE,21/03/2025 23:39
T00134,U158,486.02,web,success,FALSE,4/05/2025 22:22
T00135,U533,410.66,mobile_app,success,FALSE,10/03/2025 21:54
T00136,U535,168.34,in_store,success,FALSE,8/04/2025 10:18
T00137,U867,402.61,web,success,FALSE,24/04/2025 5:07
T00138,U556,103.11,in_store,success,FALSE,9/05/2025 12:49
T00139,U281,68.67,web,success,FALSE,6/04/2025 0:54
T00140,U900,498.59,in_store,failed,FALSE,21/02/2025 18:53
T00141,U141,445.19,in_store,success,FALSE,27/03/2025 20:55
T00142,U888,14.79,in_store,failed,FALSE,20/04/2025 14:10
T00143,U125,137.3,web,success,FALSE,25/03/2025 9:20
T00144,U803,318.36,in_store,success,FALSE,5/04/2025 21:44
T00145,U174,18.14,in_store,success,FALSE,14/03/2025 6:42
T00146,U825,48.75,in_store,failed,FALSE,9/04/2025 13:10
T00147,U178,469.28,in_store,success,FALSE,9/03/2025 12:59
T00148,U456,472.69,in_store,success,FALSE,6/03/2025 9:17
T00149,U836,138.71,mobile_app,success,TRUE,24/02/2025 21:24
T00150,U186,152.86,in_store,success,FALSE,31/03/2025 7:00
T00151,U864,236.74,in_store,success,FALSE,13/03/2025 6:29
T00152,U720,292.32,web,success,FALSE,19/03/2025 12:41
T00153,U744,329.78,in_store,success,FALSE,20/02/2025 22:18
T00154,U301,194.03,in_store,success,FALSE,9/03/2025 20:24
T00155,U470,248.73,in_store,success,TRUE,13/03/2025 15:46
T00156,U679,37.27,mobile_app,success,FALSE,10/02/2025 6:28
T00157,U776,250.89,mobile_app,success,FALSE,23/03/2025 14:12
T00158,U938,12.48,mobile_app,success,FALSE,29/04/2025 9:46
T00159,U754,307.52,mobile_app,success,FALSE,14/03/2025 2:12
T00160,U708,418.14,mobile_app,success,FALSE,24/04/2025 12:35
T00161,U854,368.6,in_store,success,FALSE,2/05/2025 20:55
T00162,U666,105.17,mobile_app,success,FALSE,13/03/2025 6:47
T00163,U276,284.74,mobile_app,success,FALSE,20/03/2025 14:33
T00164,U412,379.3,mobile_app,success,FALSE,3/04/2025 4:25
T00165,U221,382.09,in_store,success,FALSE,19/02/2025 4:26
T00166,U491,359.56,web,success,FALSE,15/04/2025 6:20
T00167,U135,392.78,in_store,success,FALSE,31/03/2025 1:36
T00168,U849,333.83,in_store,success,FALSE,14/04/2025 18:54
T00169,U328,7.96,in_store,success,FALSE,15/03/2025 18:38
T00170,U919,286.8,in_store,success,FALSE,9/05/2025 17:00
T00171,U399,57.02,in_store,success,FALSE,12/02/2025 6:57
T00172,U523,141.05,mobile_app,success,TRUE,16/02/2025 1:25
T00173,U404,352.38,in_store,success,FALSE,26/03/2025 8:37
T00174,U473,323.45,in_store,success,FALSE,7/05/2025 2:11
T00175,U724,469.59,in_store,success,FALSE,15/03/2025 8:14
T00176,U467,96.88,mobile_app,success,TRUE,5/05/2025 6:25
T00177,U673,75.63,mobile_app,success,FALSE,22/02/2025 5:45
T00178,U445,397.61,in_store,success,TRUE,24/04/2025 10:05
T00179,U850,355.67,in_store,success,FALSE,4/03/2025 19:34
T00180,U197,58.63,in_store,success,FALSE,7/04/2025 12:52
T00181,U713,47.37,in_store,failed,FALSE,15/02/2025 23:10
T00182,U288,358.13,in_store,success,FALSE,26/02/2025 23:44
T00183,U576,96.71,web,success,FALSE,15/04/2025 19:32
T00184,U231,150.6,mobile_app,success,FALSE,29/03/2025 10:47
T00185,U582,60.53,mobile_app,success,FALSE,12/04/2025 14:25
T00186,U268,473.73,in_store,success,FALSE,26/02/2025 1:13
T00187,U780,446.58,in_store,success,FALSE,7/05/2025 7:27
T00188,U484,177.01,mobile_app,success,FALSE,5/05/2025 20:00
T00189,U447,169.48,in_store,success,FALSE,8/04/2025 15:03
T00190,U102,370.96,mobile_app,success,FALSE,28/02/2025 9:59
T00191,U365,25.36,mobile_app,success,FALSE,23/02/2025 0:50
T00192,U617,475.09,in_store,success,FALSE,28/03/2025 8:45
T00193,U134,255.63,web,success,FALSE,18/04/2025 6:43
T00194,U251,466.21,in_store,success,FALSE,3/04/2025 8:29
T00195,U981,214.45,mobile_app,success,FALSE,27/02/2025 4:17
T00196,U129,98.05,in_store,success,FALSE,10/05/2025 12:02
T00197,U560,382.18,in_store,success,FALSE,15/04/2025 1:15
T00198,U434,37.41,web,success,TRUE,7/05/2025 21:04
T00199,U192,415.67,web,success,FALSE,18/03/2025 19:31
T00200,U120,370.86,in_store,success,FALSE,1/04/2025 22:10
T00201,U320,149.02,web,success,FALSE,12/02/2025 15:21
T00202,U667,259.06,mobile_app,success,FALSE,21/04/2025 9:01
T00203,U840,104.97,mobile_app,success,FALSE,18/02/2025 21:23
T00204,U684,448.66,in_store,failed,FALSE,4/04/2025 23:25
T00205,U378,397.55,mobile_app,success,FALSE,26/03/2025 3:24
T00206,U199,175.51,mobile_app,success,FALSE,14/04/2025 14:53
T00207,U644,360.21,web,success,FALSE,15/04/2025 9:41
T00208,U789,195.43,web,success,FALSE,5/05/2025 12:14
T00209,U328,376.8,in_store,success,FALSE,28/02/2025 11:00
T00210,U361,495.42,mobile_app,success,FALSE,6/03/2025 19:00
T00211,U940,170.19,web,success,FALSE,7/05/2025 11:39
T00212,U792,81.06,web,success,FALSE,29/03/2025 13:12
T00213,U686,254.69,web,success,FALSE,6/04/2025 20:18
T00214,U629,246.23,in_store,success,FALSE,13/03/2025 11:24
T00215,U296,343.99,web,success,FALSE,18/03/2025 2:50
T00216,U944,140.14,in_store,success,FALSE,10/05/2025 6:01
T00217,U417,410.4,in_store,success,TRUE,22/03/2025 0:48
T00218,U965,371.68,mobile_app,failed,FALSE,25/04/2025 3:41
T00219,U263,94.76,mobile_app,success,FALSE,18/04/2025 8:08
T00220,U280,93.44,in_store,success,FALSE,30/04/2025 21:25
T00221,U810,165.85,in_store,failed,FALSE,24/04/2025 16:57
T00222,U775,402.64,web,success,FALSE,11/05/2025 23:49
T00223,U147,388.42,in_store,success,FALSE,10/04/2025 5:45
T00224,U905,66.84,web,success,FALSE,18/02/2025 19:27
T00225,U121,400.27,in_store,success,FALSE,9/04/2025 22:57
T00226,U782,37.27,web,success,TRUE,17/03/2025 12:44
T00227,U901,37.53,mobile_app,success,FALSE,20/04/2025 16:51
T00228,U306,224.75,in_store,success,FALSE,22/02/2025 18:29
T00229,U258,346.1,web,success,FALSE,17/03/2025 10:36
T00230,U717,245.38,in_store,success,FALSE,2/04/2025 21:16
T00231,U745,486.76,in_store,success,FALSE,14/04/2025 20:41
T00232,U436,90.53,mobile_app,success,FALSE,9/04/2025 3:11
T00233,U961,229.79,web,success,FALSE,11/03/2025 20:32
T00234,U142,490.65,in_store,success,FALSE,3/03/2025 2:06
T00235,U603,307.84,web,success,FALSE,26/04/2025 6:38
T00236,U910,163.07,in_store,success,FALSE,9/04/2025 16:31
T00237,U712,354.23,web,success,FALSE,20/04/2025 15:18
T00238,U634,215.98,mobile_app,success,FALSE,20/04/2025 6:19
T00239,U936,272.71,web,success,FALSE,20/04/2025 19:35
T00240,U856,396.72,web,failed,FALSE,20/04/2025 1:17
T00241,U249,358.69,mobile_app,success,FALSE,17/02/2025 19:39
T00242,U251,431.19,in_store,success,FALSE,26/02/2025 5:02
T00243,U527,392.37,mobile_app,success,FALSE,12/02/2025 2:01
T00244,U786,304.79,mobile_app,success,FALSE,2/05/2025 14:13
T00245,U374,14.62,web,failed,FALSE,1/03/2025 22:26
T00246,U111,44.38,mobile_app,success,FALSE,1/03/2025 20:48
T00247,U454,129.39,mobile_app,success,FALSE,24/04/2025 16:41
T00248,U583,230.43,in_store,success,FALSE,11/02/2025 12:05
T00249,U389,416,in_store,success,FALSE,9/04/2025 16:51
T00250,U500,461.36,in_store,success,FALSE,26/04/2025 2:39
T00251,U317,370.6,in_store,success,TRUE,16/02/2025 3:40
T00252,U160,483.12,in_store,success,FALSE,15/02/2025 20:59
T00253,U698,118.19,mobile_app,success,FALSE,26/03/2025 5:29
T00254,U859,491.46,web,success,FALSE,1/04/2025 4:16
T00255,U441,38.64,mobile_app,success,FALSE,5/03/2025 23:18
T00256,U375,191.24,web,failed,FALSE,17/02/2025 20:51
T00257,U525,431.19,in_store,success,FALSE,26/04/2025 15:02
T00258,U657,413.48,in_store,failed,FALSE,11/03/2025 20:12
T00259,U791,235.39,web,success,TRUE,31/03/2025 14:13
T00260,U795,183.5,mobile_app,success,FALSE,19/02/2025 7:41
T00261,U601,399.88,in_store,success,FALSE,16/03/2025 9:20
T00262,U546,144.59,in_store,success,FALSE,14/04/2025 1:40
T00263,U454,185.06,in_store,success,FALSE,1/05/2025 15:05
T00264,U639,335.38,web,failed,FALSE,5/03/2025 10:56
T00265,U513,234.68,mobile_app,success,FALSE,2/03/2025 5:30
T00266,U496,395.48,in_store,success,FALSE,23/03/2025 0:36
T00267,U208,177.6,in_store,success,FALSE,23/04/2025 19:16
T00268,U687,225.08,web,success,FALSE,14/02/2025 13:47
T00269,U752,5.99,web,success,FALSE,20/03/2025 5:56
T00270,U302,389.19,mobile_app,success,FALSE,4/03/2025 4:57
T00271,U264,16.69,web,success,FALSE,27/03/2025 21:11
T00272,U764,130.26,web,success,FALSE,12/03/2025 16:32
T00273,U677,16.95,web,success,FALSE,30/04/2025 0:42
T00274,U698,370.35,in_store,success,FALSE,23/03/2025 21:01
T00275,U914,37.95,mobile_app,success,FALSE,30/03/2025 20:31
T00276,U538,326.63,in_store,success,FALSE,20/03/2025 0:37
T00277,U345,314.32,mobile_app,success,FALSE,17/04/2025 0:11
T00278,U526,289.92,web,success,FALSE,18/02/2025 4:29
T00279,U798,335.17,web,success,FALSE,25/03/2025 5:23
T00280,U801,83.3,mobile_app,failed,FALSE,24/03/2025 9:51
T00281,U462,449.94,mobile_app,success,FALSE,13/03/2025 2:59
T00282,U266,274.76,web,success,FALSE,10/04/2025 6:06
T00283,U465,412.97,mobile_app,success,FALSE,2/03/2025 0:18
T00284,U568,218.17,mobile_app,success,FALSE,22/04/2025 19:23
T00285,U527,257.98,web,success,FALSE,27/04/2025 18:45
T00286,U606,236.1,in_store,failed,FALSE,7/03/2025 1:00
T00287,U915,99.78,mobile_app,success,FALSE,28/02/2025 8:53
T00288,U518,143.24,web,failed,FALSE,27/03/2025 0:44
T00289,U414,58.33,in_store,success,FALSE,5/05/2025 12:40
T00290,U786,265.38,web,success,TRUE,8/04/2025 19:12
T00291,U300,425.31,in_store,success,FALSE,26/03/2025 0:46
T00292,U865,80.37,mobile_app,success,FALSE,12/02/2025 16:40
T00293,U202,95.65,mobile_app,success,FALSE,21/04/2025 5:53
T00294,U652,60.44,in_store,success,FALSE,13/04/2025 15:31
T00295,U810,184.4,web,success,FALSE,7/05/2025 18:39
T00296,U111,361.26,in_store,success,FALSE,15/02/2025 9:00
T00297,U151,88.82,web,success,FALSE,27/02/2025 4:22
T00298,U325,498.41,web,success,FALSE,11/05/2025 22:16
T00299,U999,366.24,mobile_app,success,FALSE,11/03/2025 13:47
T00300,U734,186.84,in_store,success,FALSE,13/02/2025 19:38
T00301,U688,143.76,web,success,FALSE,8/05/2025 1:50
T00302,U782,110.46,web,success,FALSE,2/03/2025 15:41
T00303,U466,71.24,web,success,FALSE,16/02/2025 15:24
T00304,U723,65.27,in_store,success,FALSE,18/02/2025 13:25
T00305,U350,143.89,mobile_app,success,FALSE,9/05/2025 23:51
T00306,U295,288.31,web,success,FALSE,17/02/2025 18:53
T00307,U235,16.11,in_store,success,FALSE,18/04/2025 23:32
T00308,U420,236.04,mobile_app,success,FALSE,22/02/2025 21:17
T00309,U274,479.62,mobile_app,success,FALSE,10/04/2025 23:26
T00310,U770,75.06,mobile_app,success,FALSE,5/04/2025 23:54
T00311,U840,174.91,in_store,failed,FALSE,15/04/2025 5:34
T00312,U576,168.87,mobile_app,success,FALSE,10/04/2025 22:25
T00313,U667,151.51,web,success,FALSE,11/03/2025 4:15
T00314,U611,216.23,in_store,success,FALSE,9/04/2025 19:53
T00315,U431,348.76,mobile_app,success,FALSE,7/05/2025 2:45
T00316,U194,256.64,in_store,success,FALSE,23/02/2025 1:52
T00317,U983,30.53,mobile_app,failed,FALSE,11/02/2025 16:40
T00318,U451,17.18,mobile_app,success,FALSE,19/03/2025 10:24
T00319,U145,414.82,web,success,FALSE,4/05/2025 7:24
T00320,U916,338.74,in_store,success,FALSE,23/04/2025 19:41
T00321,U423,364.8,in_store,success,FALSE,24/04/2025 13:40
T00322,U591,279.64,mobile_app,success,FALSE,11/02/2025 7:47
T00323,U716,171.84,in_store,success,FALSE,13/04/2025 13:53
T00324,U119,64.28,web,success,FALSE,29/04/2025 8:34
T00325,U345,30.24,web,success,FALSE,22/04/2025 7:29
T00326,U532,256.09,mobile_app,success,FALSE,28/03/2025 11:49
T00327,U964,337.18,web,success,FALSE,16/04/2025 16:44
T00328,U745,360.2,mobile_app,success,FALSE,28/04/2025 8:40
T00329,U479,152.19,in_store,success,FALSE,5/03/2025 15:34
T00330,U533,496.96,mobile_app,success,FALSE,24/02/2025 2:58
T00331,U749,477.42,web,success,FALSE,9/03/2025 19:53
T00332,U962,29.28,in_store,failed,FALSE,22/03/2025 1:38
T00333,U553,28.39,in_store,success,FALSE,5/03/2025 19:10
T00334,U738,387.28,web,success,FALSE,27/02/2025 5:19
T00335,U544,86.05,web,success,FALSE,6/03/2025 1:02
T00336,U587,456.53,in_store,success,FALSE,21/02/2025 21:34
T00337,U404,371.97,in_store,success,FALSE,6/04/2025 0:17
T00338,U224,212.74,mobile_app,success,FALSE,4/04/2025 7:04
T00339,U247,155.46,mobile_app,success,FALSE,30/04/2025 1:54
T00340,U503,321.2,in_store,success,FALSE,15/04/2025 9:05
T00341,U656,408.52,mobile_app,success,FALSE,5/05/2025 16:26
T00342,U181,5.96,web,success,FALSE,12/02/2025 0:08
T00343,U855,279.02,web,success,TRUE,23/02/2025 6:14
T00344,U109,140.42,web,success,FALSE,29/04/2025 9:15
T00345,U149,148.98,in_store,success,FALSE,17/03/2025 8:10
T00346,U974,15.93,in_store,success,FALSE,28/04/2025 15:30
T00347,U987,129.16,mobile_app,failed,FALSE,17/04/2025 5:39
T00348,U848,307.13,in_store,success,FALSE,25/04/2025 0:33
T00349,U597,493.04,mobile_app,success,FALSE,21/04/2025 11:13
T00350,U958,172.57,web,success,FALSE,1/03/2025 1:46
T00351,U927,379.5,mobile_app,success,FALSE,20/04/2025 16:40
T00352,U935,177.62,web,success,FALSE,13/02/2025 3:05
T00353,U899,88.37,mobile_app,success,FALSE,16/03/2025 23:33
T00354,U824,368.42,in_store,success,FALSE,14/02/2025 15:33
T00355,U783,370.88,in_store,success,TRUE,29/03/2025 13:10
T00356,U975,412.95,in_store,success,FALSE,31/03/2025 5:53
T00357,U682,110.72,in_store,success,TRUE,10/02/2025 23:05
T00358,U949,133.98,web,success,FALSE,2/04/2025 14:54
T00359,U895,347.08,web,failed,FALSE,19/02/2025 15:16
T00360,U584,105.01,web,success,FALSE,28/03/2025 7:23
T00361,U558,120.82,mobile_app,success,TRUE,14/02/2025 4:55
T00362,U612,174.5,mobile_app,success,FALSE,26/03/2025 2:25
T00363,U809,381.48,in_store,failed,FALSE,7/04/2025 7:17
T00364,U625,73.4,mobile_app,failed,TRUE,20/03/2025 4:51
T00365,U764,490.8,web,success,FALSE,28/02/2025 0:49
T00366,U330,444.38,in_store,success,TRUE,30/03/2025 4:45
T00367,U254,245.61,web,success,FALSE,27/02/2025 11:25
T00368,U681,55.34,web,success,FALSE,23/04/2025 1:46
T00369,U156,402.29,web,success,TRUE,9/04/2025 7:01
T00370,U683,271.86,web,success,TRUE,11/04/2025 13:09
T00371,U491,64.08,in_store,success,FALSE,4/04/2025 19:46
T00372,U760,160.21,web,success,FALSE,23/03/2025 6:55
T00373,U934,180.58,web,success,FALSE,9/04/2025 16:55
T00374,U372,51.52,mobile_app,success,FALSE,14/02/2025 9:32
T00375,U716,122.61,web,success,FALSE,7/03/2025 21:59
T00376,U394,229.02,web,failed,FALSE,9/04/2025 0:19
T00377,U741,471.49,in_store,success,FALSE,26/03/2025 17:53
T00378,U505,303.07,in_store,success,TRUE,1/03/2025 1:19
T00379,U381,429.68,web,success,FALSE,9/04/2025 5:55
T00380,U758,99.34,web,success,TRUE,15/04/2025 23:11
T00381,U200,140.6,mobile_app,success,FALSE,7/03/2025 11:14
T00382,U987,178.34,web,success,TRUE,28/04/2025 21:48
T00383,U827,111.9,mobile_app,success,FALSE,16/02/2025 6:22
T00384,U640,85.23,in_store,success,TRUE,1/04/2025 9:07
T00385,U184,263.41,web,success,TRUE,11/04/2025 8:26
T00386,U817,76.75,mobile_app,success,FALSE,14/03/2025 20:58
T00387,U842,359.92,mobile_app,success,FALSE,2/05/2025 9:13
T00388,U590,57.29,mobile_app,success,FALSE,9/03/2025 10:27
T00389,U152,303.66,web,success,FALSE,4/04/2025 9:27
T00390,U264,105.02,mobile_app,success,FALSE,27/04/2025 20:45
T00391,U308,11.09,mobile_app,success,FALSE,11/05/2025 23:51
T00392,U350,311.35,mobile_app,success,FALSE,8/03/2025 18:49
T00393,U946,204.99,web,success,FALSE,22/04/2025 8:56
T00394,U399,379.14,mobile_app,success,FALSE,7/05/2025 14:04
T00395,U492,283.93,mobile_app,success,FALSE,5/03/2025 4:26
T00396,U369,223.94,web,success,FALSE,2/03/2025 11:08
T00397,U352,262.23,mobile_app,success,FALSE,1/04/2025 20:39
T00398,U282,461.01,mobile_app,success,FALSE,27/03/2025 9:50
T00399,U769,221.97,mobile_app,success,FALSE,1/04/2025 21:10
T00400,U626,139.83,in_store,success,FALSE,23/03/2025 11:37
T00401,U314,77.84,in_store,success,FALSE,18/04/2025 15:15
T00402,U282,206.91,mobile_app,failed,FALSE,15/03/2025 2:17
T00403,U554,92.48,in_store,success,FALSE,8/04/2025 11:58
T00404,U618,403.44,web,success,FALSE,16/04/2025 1:28
T00405,U219,116.71,web,success,FALSE,26/02/2025 21:34
T00406,U995,18.06,web,success,FALSE,9/04/2025 11:09
T00407,U716,465,mobile_app,failed,TRUE,4/04/2025 20:16
T00408,U375,310.81,in_store,success,FALSE,4/04/2025 14:18
T00409,U743,417.54,mobile_app,success,FALSE,28/04/2025 2:26
T00410,U742,98.35,mobile_app,success,FALSE,22/03/2025 11:48
T00411,U315,146.09,web,success,FALSE,8/03/2025 5:10
T00412,U669,261.2,web,success,FALSE,25/04/2025 6:33
T00413,U862,190.95,web,success,FALSE,25/03/2025 11:54
T00414,U128,253.99,web,success,FALSE,12/02/2025 11:12
T00415,U624,249.36,mobile_app,success,FALSE,5/05/2025 16:05
T00416,U312,245.98,mobile_app,success,FALSE,7/04/2025 16:40
T00417,U268,194.82,mobile_app,success,TRUE,1/03/2025 21:15
T00418,U476,492.89,mobile_app,success,FALSE,29/03/2025 10:32
T00419,U240,86.28,mobile_app,success,FALSE,29/04/2025 9:42
T00420,U608,294.03,web,success,FALSE,3/03/2025 22:29
T00421,U595,141.68,mobile_app,success,FALSE,4/05/2025 2:36
T00422,U926,378.79,in_store,success,FALSE,27/03/2025 7:45
T00423,U175,192.79,web,success,TRUE,9/05/2025 1:15
T00424,U553,26.1,web,failed,FALSE,24/02/2025 20:21
T00425,U876,493.31,in_store,success,FALSE,4/04/2025 18:01
T00426,U195,479.3,web,success,FALSE,4/04/2025 17:26
T00427,U822,477.41,mobile_app,success,FALSE,18/04/2025 11:11
T00428,U190,264.34,web,success,FALSE,21/03/2025 15:57
T00429,U184,291.89,web,success,FALSE,23/04/2025 2:00
T00430,U264,109.81,web,success,FALSE,10/03/2025 11:08
T00431,U555,252.76,web,success,FALSE,21/04/2025 1:48
T00432,U323,68.27,web,success,FALSE,12/02/2025 17:07
T00433,U128,207.83,mobile_app,success,FALSE,21/02/2025 10:34
T00434,U255,369.81,mobile_app,success,FALSE,25/02/2025 8:41
T00435,U970,423.32,in_store,success,FALSE,19/02/2025 15:19
T00436,U117,58.92,in_store,success,FALSE,25/02/2025 12:24
T00437,U659,408.12,in_store,success,FALSE,20/04/2025 17:28
T00438,U733,200.17,web,success,FALSE,24/03/2025 0:13
T00439,U763,78.75,in_store,success,FALSE,23/03/2025 23:59
T00440,U295,222.35,mobile_app,success,FALSE,16/04/2025 3:19
T00441,U655,196.54,web,success,FALSE,17/04/2025 4:16
T00442,U676,477.07,web,success,FALSE,5/05/2025 6:38
T00443,U453,371.67,mobile_app,success,FALSE,15/04/2025 22:18
T00444,U420,345.62,mobile_app,success,FALSE,31/03/2025 13:59
T00445,U971,207.42,in_store,success,TRUE,7/04/2025 21:08
T00446,U815,52.34,in_store,success,FALSE,3/05/2025 18:30
T00447,U566,182.67,in_store,success,FALSE,31/03/2025 4:15
T00448,U118,27.4,in_store,success,TRUE,9/03/2025 14:57
T00449,U984,300.9,web,success,FALSE,10/02/2025 16:43
T00450,U373,113.52,mobile_app,success,FALSE,29/03/2025 10:42
T00451,U455,303.4,in_store,failed,FALSE,25/02/2025 3:23
T00452,U933,74.19,web,failed,FALSE,3/05/2025 18:54
T00453,U218,253.9,in_store,success,FALSE,23/02/2025 14:29
T00454,U818,320.83,web,success,FALSE,17/04/2025 16:28
T00455,U371,88.8,mobile_app,success,FALSE,9/05/2025 10:58
T00456,U177,70.1,web,failed,FALSE,2/04/2025 7:51
T00457,U311,477,web,failed,FALSE,11/03/2025 5:17
T00458,U692,84.72,web,success,FALSE,6/04/2025 12:19
T00459,U834,343.36,in_store,success,FALSE,6/04/2025 19:25
T00460,U406,204.22,mobile_app,failed,FALSE,31/03/2025 1:14
T00461,U132,71.31,in_store,success,TRUE,19/02/2025 11:24
T00462,U369,385.54,web,success,FALSE,3/05/2025 18:59
T00463,U455,354.53,in_store,success,FALSE,23/02/2025 7:47
T00464,U906,301.78,web,success,FALSE,17/03/2025 22:43
T00465,U894,343.61,web,failed,FALSE,26/02/2025 9:27
T00466,U709,155.31,in_store,success,FALSE,22/04/2025 8:33
T00467,U901,247.99,web,failed,FALSE,28/02/2025 18:54
T00468,U993,441.33,in_store,success,FALSE,27/04/2025 23:13
T00469,U624,487.72,mobile_app,success,FALSE,19/02/2025 11:05
T00470,U750,254.71,mobile_app,success,FALSE,21/04/2025 16:21
T00471,U808,411.92,web,success,FALSE,8/04/2025 0:21
T00472,U767,59.65,mobile_app,success,FALSE,26/02/2025 22:04
T00473,U322,297.17,mobile_app,success,FALSE,19/03/2025 19:28
T00474,U967,179.6,in_store,success,TRUE,11/05/2025 20:54
T00475,U505,16.6,web,success,FALSE,16/02/2025 14:46
T00476,U295,476.59,mobile_app,success,FALSE,21/02/2025 1:23
T00477,U123,73.86,web,success,FALSE,12/03/2025 7:50
T00478,U243,185.03,mobile_app,success,FALSE,9/03/2025 13:04
T00479,U255,338.79,web,success,FALSE,20/03/2025 6:13
T00480,U613,354.28,mobile_app,success,FALSE,29/03/2025 13:11
T00481,U512,319.67,mobile_app,failed,FALSE,11/04/2025 6:39
T00482,U754,290.09,in_store,success,TRUE,25/04/2025 18:51
T00483,U356,462.21,web,success,FALSE,21/03/2025 19:55
T00484,U419,422.9,in_store,success,FALSE,6/05/2025 13:49
T00485,U991,361.01,web,success,FALSE,24/04/2025 5:14
T00486,U824,316.7,web,success,FALSE,6/03/2025 4:45
T00487,U167,208.9,mobile_app,success,TRUE,13/02/2025 2:58
T00488,U566,47.74,mobile_app,success,TRUE,5/03/2025 7:35
T00489,U864,201.42,web,failed,FALSE,5/03/2025 3:35
T00490,U456,213.7,in_store,success,TRUE,28/03/2025 2:21
T00491,U321,499.64,in_store,success,FALSE,29/04/2025 23:39
T00492,U953,380.82,in_store,success,FALSE,13/04/2025 19:30
T00493,U656,124.22,mobile_app,success,FALSE,6/05/2025 22:30
T00494,U951,348.9,in_store,success,FALSE,25/02/2025 9:04
T00495,U356,110.76,mobile_app,success,FALSE,8/05/2025 15:38
T00496,U283,68.63,in_store,success,FALSE,12/04/2025 7:07
T00497,U565,147.78,web,success,TRUE,19/02/2025 3:35
T00498,U190,426.29,web,success,FALSE,14/04/2025 12:36
T00499,U812,258.38,mobile_app,success,FALSE,29/04/2025 6:28
T00500,U268,95.06,web,success,FALSE,4/03/2025 3:51
T00501,U480,141.32,mobile_app,success,FALSE,3/03/2025 20:07
T00502,U383,433.48,mobile_app,success,FALSE,25/04/2025 8:44
T00503,U704,432.14,in_store,success,TRUE,19/03/2025 4:35
T00504,U823,116.63,mobile_app,success,FALSE,20/03/2025 13:34
T00505,U176,97.87,in_store,success,FALSE,12/02/2025 1:19
T00506,U184,175,in_store,success,FALSE,12/03/2025 4:20
T00507,U510,15.38,web,success,FALSE,31/03/2025 20:05
T00508,U520,213.79,in_store,success,TRUE,20/02/2025 12:31
T00509,U443,376.33,in_store,success,TRUE,20/02/2025 9:45
T00510,U165,41.43,in_store,success,TRUE,1/04/2025 14:02
T00511,U989,167.53,mobile_app,failed,TRUE,14/04/2025 8:47
T00512,U454,258.13,in_store,success,FALSE,13/02/2025 1:01
T00513,U420,113.36,web,success,FALSE,6/03/2025 3:46
T00514,U975,238.39,mobile_app,success,FALSE,5/03/2025 4:33
T00515,U521,466.3,mobile_app,success,FALSE,1/04/2025 1:07
T00516,U139,239.03,mobile_app,success,FALSE,22/04/2025 23:19
T00517,U591,425.57,in_store,success,TRUE,22/04/2025 7:15
T00518,U582,62.02,in_store,success,FALSE,25/03/2025 3:48
T00519,U618,112.57,web,success,FALSE,14/03/2025 1:29
T00520,U183,37.82,mobile_app,success,FALSE,24/02/2025 10:21
T00521,U475,462.84,mobile_app,success,FALSE,28/03/2025 15:41
T00522,U932,274.7,web,success,FALSE,17/03/2025 9:25
T00523,U236,416.11,in_store,success,FALSE,21/03/2025 22:21
T00524,U168,490.25,mobile_app,success,FALSE,26/02/2025 13:15
T00525,U652,141.91,web,success,FALSE,28/04/2025 20:28
T00526,U252,87.01,mobile_app,failed,FALSE,21/02/2025 6:18
T00527,U394,489.08,web,success,TRUE,24/03/2025 10:45
T00528,U956,265.87,in_store,failed,FALSE,13/04/2025 2:28
T00529,U384,322.44,web,success,FALSE,8/05/2025 13:31
T00530,U195,37.13,in_store,success,FALSE,20/03/2025 10:41
T00531,U136,33.59,mobile_app,success,FALSE,8/05/2025 20:11
T00532,U193,399.58,web,success,FALSE,17/02/2025 12:53
T00533,U942,262.28,web,success,FALSE,15/03/2025 12:01
T00534,U197,31.86,in_store,success,FALSE,2/04/2025 13:07
T00535,U307,255.2,web,success,FALSE,17/03/2025 10:12
T00536,U206,71.4,mobile_app,success,FALSE,25/03/2025 20:13
T00537,U404,77.57,mobile_app,success,TRUE,7/04/2025 13:10
T00538,U686,376.7,mobile_app,success,FALSE,26/03/2025 19:24
T00539,U437,152.89,in_store,success,FALSE,21/02/2025 13:10
T00540,U742,21.61,mobile_app,success,FALSE,27/04/2025 1:16
T00541,U159,129.02,in_store,success,FALSE,16/04/2025 12:13
T00542,U435,424.2,web,success,FALSE,24/02/2025 12:59
T00543,U586,279.28,mobile_app,success,FALSE,14/03/2025 20:55
T00544,U937,94.71,web,success,FALSE,12/02/2025 9:16
T00545,U806,395.52,mobile_app,success,FALSE,16/03/2025 10:35
T00546,U397,29.35,in_store,success,FALSE,21/04/2025 2:46
T00547,U527,485.46,in_store,success,FALSE,31/03/2025 10:57
T00548,U919,460.49,mobile_app,success,FALSE,6/04/2025 12:39
T00549,U119,388.21,mobile_app,success,FALSE,12/02/2025 7:20
T00550,U108,298.01,in_store,success,FALSE,17/02/2025 0:46
T00551,U716,448.62,mobile_app,success,FALSE,16/02/2025 12:08
T00552,U310,227.07,mobile_app,success,FALSE,26/04/2025 0:06
T00553,U141,146.18,mobile_app,success,FALSE,21/03/2025 4:07
T00554,U241,336.67,web,success,FALSE,21/04/2025 0:55
T00555,U718,75.17,mobile_app,success,FALSE,23/04/2025 1:43
T00556,U208,442.08,web,success,FALSE,27/02/2025 6:17
T00557,U741,451.89,mobile_app,success,FALSE,5/05/2025 8:45
T00558,U648,110.78,in_store,success,FALSE,18/04/2025 4:51
T00559,U956,227.23,web,success,TRUE,7/04/2025 4:16
T00560,U883,466.06,web,success,FALSE,5/04/2025 18:39
T00561,U896,28.91,mobile_app,success,FALSE,4/03/2025 20:18
T00562,U605,348.5,mobile_app,success,FALSE,20/02/2025 17:49
T00563,U660,352.62,web,success,FALSE,15/02/2025 4:19
T00564,U949,139.3,mobile_app,success,FALSE,7/04/2025 22:11
T00565,U345,172.19,mobile_app,success,TRUE,11/04/2025 13:44
T00566,U464,425.61,web,success,FALSE,23/03/2025 17:59
T00567,U753,492.89,in_store,failed,FALSE,21/02/2025 12:55
T00568,U187,313.6,in_store,success,FALSE,14/04/2025 7:20
T00569,U247,460.5,web,success,TRUE,19/04/2025 18:47
T00570,U930,394.21,web,success,FALSE,4/04/2025 12:16
T00571,U506,294.93,in_store,success,FALSE,30/04/2025 15:06
T00572,U180,201.29,web,success,FALSE,29/03/2025 7:13
T00573,U880,266.67,web,success,FALSE,13/02/2025 17:22
T00574,U474,351.73,in_store,success,FALSE,25/03/2025 13:51
T00575,U691,240.07,web,success,FALSE,10/02/2025 9:01
T00576,U611,419.21,web,failed,FALSE,27/02/2025 4:15
T00577,U119,111.42,in_store,success,TRUE,11/05/2025 9:39
T00578,U476,497.73,mobile_app,success,FALSE,7/05/2025 1:07
T00579,U361,77.06,in_store,success,FALSE,25/02/2025 2:42
T00580,U423,265.23,in_store,success,FALSE,5/03/2025 3:06
T00581,U195,168.16,in_store,success,FALSE,14/02/2025 6:04
T00582,U753,84.16,mobile_app,success,FALSE,12/05/2025 0:59
T00583,U672,350.18,web,success,FALSE,30/04/2025 21:34
T00584,U659,77.12,in_store,success,FALSE,21/02/2025 18:49
T00585,U149,478.74,web,success,FALSE,18/02/2025 20:25
T00586,U215,69.56,in_store,success,FALSE,18/02/2025 2:01
T00587,U714,307.84,in_store,success,FALSE,20/04/2025 3:22
T00588,U994,420.09,mobile_app,success,FALSE,12/03/2025 9:21
T00589,U415,341.63,web,success,FALSE,7/04/2025 19:16
T00590,U601,370.85,web,success,FALSE,16/03/2025 15:45
T00591,U623,158.38,web,success,FALSE,20/02/2025 15:23
T00592,U662,479.23,mobile_app,success,FALSE,17/02/2025 6:34
T00593,U518,350.15,mobile_app,success,FALSE,23/02/2025 3:15
T00594,U104,308.25,mobile_app,failed,FALSE,7/04/2025 11:07
T00595,U412,323.35,web,success,FALSE,11/04/2025 18:07
T00596,U135,37.02,mobile_app,success,FALSE,14/02/2025 18:20
T00597,U391,34.36,web,failed,FALSE,7/04/2025 12:10
T00598,U120,65.34,web,success,FALSE,22/04/2025 17:02
T00599,U780,107.13,web,success,FALSE,5/05/2025 11:39
T00600,U554,366.79,web,success,FALSE,7/05/2025 11:59
T00601,U387,287.37,web,success,FALSE,15/04/2025 14:38
T00602,U144,254.77,in_store,success,FALSE,2/03/2025 22:40
T00603,U952,37.51,in_store,failed,FALSE,22/03/2025 23:31
T00604,U814,332.13,mobile_app,success,FALSE,19/02/2025 15:43
T00605,U868,284.03,web,success,FALSE,28/03/2025 22:50
T00606,U738,213.11,web,success,FALSE,31/03/2025 2:56
T00607,U842,344.57,in_store,success,FALSE,29/04/2025 21:05
T00608,U281,127.83,web,success,TRUE,20/04/2025 18:59
T00609,U407,71.8,mobile_app,success,FALSE,3/05/2025 15:23
T00610,U561,385.89,mobile_app,success,FALSE,25/04/2025 1:12
T00611,U503,474.44,in_store,success,FALSE,23/03/2025 9:32
T00612,U510,370.26,in_store,success,FALSE,11/05/2025 2:07
T00613,U842,194.31,web,success,FALSE,19/02/2025 9:46
T00614,U318,398.86,mobile_app,success,FALSE,5/03/2025 4:00
T00615,U245,82.53,in_store,success,FALSE,11/02/2025 10:06
T00616,U772,165.85,mobile_app,success,FALSE,2/04/2025 12:08
T00617,U521,76.9,in_store,success,FALSE,15/03/2025 7:36
T00618,U232,174.24,mobile_app,failed,TRUE,10/05/2025 17:17
T00619,U958,396.08,mobile_app,failed,FALSE,9/03/2025 23:46
T00620,U471,84.16,web,success,FALSE,12/04/2025 19:07
T00621,U617,415.56,web,failed,FALSE,9/04/2025 0:06
T00622,U241,465.21,in_store,success,FALSE,9/05/2025 10:22
T00623,U686,117.4,mobile_app,success,FALSE,10/04/2025 19:15
T00624,U538,305.24,mobile_app,success,FALSE,26/03/2025 21:53
T00625,U891,63.68,mobile_app,success,FALSE,29/03/2025 22:13
T00626,U154,447.82,mobile_app,success,FALSE,22/04/2025 11:50
T00627,U340,410.06,web,success,FALSE,14/04/2025 5:37
T00628,U789,202.5,mobile_app,success,FALSE,26/03/2025 14:18
T00629,U267,49.43,web,success,FALSE,6/03/2025 12:30
T00630,U547,388.47,mobile_app,success,FALSE,24/04/2025 13:49
T00631,U784,78.52,mobile_app,success,FALSE,3/05/2025 8:16
T00632,U362,187.65,web,success,FALSE,1/03/2025 1:10
T00633,U991,376.35,web,success,TRUE,8/04/2025 0:36
T00634,U322,334.27,in_store,success,TRUE,14/04/2025 13:52
T00635,U821,447.24,mobile_app,success,FALSE,15/03/2025 16:13
T00636,U395,327.29,web,failed,FALSE,20/04/2025 13:37
T00637,U261,395.8,web,success,FALSE,9/03/2025 17:24
T00638,U910,71.1,mobile_app,success,TRUE,4/04/2025 12:47
T00639,U813,216.88,in_store,success,FALSE,4/05/2025 22:03
T00640,U165,237.68,mobile_app,success,FALSE,22/02/2025 16:34
T00641,U390,56.66,mobile_app,success,FALSE,1/05/2025 22:44
T00642,U955,281.77,in_store,success,FALSE,18/03/2025 6:40
T00643,U705,240.13,mobile_app,success,FALSE,5/04/2025 10:43
T00644,U581,255.16,mobile_app,success,FALSE,27/04/2025 8:51
T00645,U207,36.69,mobile_app,failed,FALSE,14/02/2025 21:55
T00646,U263,330.89,web,success,FALSE,5/05/2025 18:37
T00647,U820,134.45,web,success,FALSE,24/03/2025 21:55
T00648,U511,241.28,mobile_app,success,FALSE,31/03/2025 16:32
T00649,U923,45.72,web,success,FALSE,3/05/2025 8:49
T00650,U975,440.75,web,success,FALSE,15/03/2025 9:31
T00651,U835,318.99,in_store,success,FALSE,13/04/2025 18:22
T00652,U570,56.07,web,success,FALSE,18/04/2025 8:29
T00653,U723,493.69,mobile_app,success,FALSE,25/04/2025 18:42
T00654,U210,223.88,mobile_app,success,FALSE,10/03/2025 6:52
T00655,U275,68.2,mobile_app,success,TRUE,6/05/2025 18:49
T00656,U131,153.42,mobile_app,success,FALSE,23/02/2025 8:14
T00657,U472,141.48,web,success,FALSE,28/03/2025 3:11
T00658,U340,424.18,in_store,success,FALSE,11/03/2025 23:14
T00659,U908,438.23,web,success,FALSE,7/04/2025 17:22
T00660,U955,318.92,mobile_app,success,FALSE,5/05/2025 8:29
T00661,U672,477.85,web,success,FALSE,24/04/2025 6:39
T00662,U934,144.21,in_store,success,FALSE,1/05/2025 22:00
T00663,U402,470.58,mobile_app,failed,FALSE,19/04/2025 16:29
T00664,U538,405.75,web,success,FALSE,12/03/2025 15:46
T00665,U545,108.44,in_store,success,TRUE,29/03/2025 9:55
T00666,U657,208.28,in_store,success,FALSE,1/05/2025 11:58
T00667,U533,389.04,web,success,FALSE,20/03/2025 1:50
T00668,U394,197.39,in_store,success,FALSE,1/05/2025 7:04
T00669,U653,234.89,web,success,FALSE,1/04/2025 19:30
T00670,U872,35.3,mobile_app,failed,TRUE,14/03/2025 19:01
T00671,U294,478.19,in_store,success,FALSE,10/05/2025 5:40
T00672,U286,482.87,in_store,failed,FALSE,3/05/2025 15:23
T00673,U677,11.61,in_store,success,FALSE,18/02/2025 11:24
T00674,U458,123.14,mobile_app,success,FALSE,27/04/2025 12:46
T00675,U601,17.68,web,success,FALSE,17/03/2025 22:51
T00676,U394,274.87,in_store,failed,FALSE,24/03/2025 19:53
T00677,U522,149.03,mobile_app,success,FALSE,10/03/2025 14:04
T00678,U227,21.9,in_store,success,FALSE,2/04/2025 16:30
T00679,U646,183.45,web,success,FALSE,24/02/2025 9:51
T00680,U841,484.32,mobile_app,success,FALSE,1/05/2025 20:31
T00681,U882,151.62,web,success,FALSE,17/03/2025 13:53
T00682,U511,90.06,mobile_app,success,FALSE,16/02/2025 16:08
T00683,U634,110.42,web,success,FALSE,6/05/2025 21:53
T00684,U151,307.74,mobile_app,success,TRUE,21/03/2025 0:22
T00685,U775,437.86,mobile_app,success,FALSE,16/04/2025 23:24
T00686,U709,257.94,in_store,success,FALSE,12/04/2025 13:42
T00687,U785,210.55,in_store,success,FALSE,21/03/2025 23:41
T00688,U226,61.52,mobile_app,success,FALSE,9/03/2025 4:28
T00689,U947,169.93,in_store,success,FALSE,17/02/2025 23:19
T00690,U339,485.78,mobile_app,success,FALSE,17/04/2025 5:39
T00691,U403,358.65,in_store,success,FALSE,1/05/2025 4:29
T00692,U673,179.81,web,success,FALSE,13/04/2025 19:13
T00693,U263,101.82,web,success,FALSE,14/03/2025 21:40
T00694,U539,424.85,mobile_app,success,TRUE,23/02/2025 7:57
T00695,U386,441.79,mobile_app,success,FALSE,11/04/2025 19:08
T00696,U383,225.87,web,success,FALSE,17/03/2025 18:33
T00697,U504,120.98,mobile_app,success,FALSE,4/05/2025 0:55
T00698,U743,264.83,in_store,success,FALSE,10/02/2025 23:59
T00699,U426,229.53,in_store,success,FALSE,21/03/2025 11:19
T00700,U519,378.99,web,success,FALSE,22/02/2025 18:50
T00701,U298,261.4,mobile_app,failed,FALSE,1/05/2025 0:22
T00702,U572,460.52,web,failed,FALSE,10/05/2025 6:30
T00703,U332,39.93,web,success,FALSE,14/02/2025 20:16
T00704,U547,282.36,web,failed,FALSE,4/04/2025 22:15
T00705,U807,106.69,mobile_app,success,FALSE,5/04/2025 2:19
T00706,U902,55.51,mobile_app,success,FALSE,3/04/2025 5:45
T00707,U879,402.23,web,success,FALSE,24/02/2025 16:53
T00708,U912,244.21,web,success,FALSE,26/03/2025 14:19
T00709,U779,387.42,web,success,FALSE,8/03/2025 15:10
T00710,U704,237.95,in_store,success,FALSE,23/03/2025 23:43
T00711,U142,30.14,web,success,FALSE,4/04/2025 5:26
T00712,U274,210.49,mobile_app,success,TRUE,8/03/2025 20:43
T00713,U841,283.57,mobile_app,failed,FALSE,11/03/2025 1:31
T00714,U677,476.28,mobile_app,success,TRUE,3/05/2025 2:19
T00715,U990,259.45,in_store,success,FALSE,2/05/2025 8:28
T00716,U123,147.98,in_store,success,FALSE,19/02/2025 10:48
T00717,U671,312.85,web,success,TRUE,17/03/2025 14:30
T00718,U755,402.05,web,failed,FALSE,17/04/2025 19:00
T00719,U833,132.95,mobile_app,success,FALSE,3/03/2025 10:00
T00720,U468,96.2,in_store,success,FALSE,20/04/2025 4:52
T00721,U707,143.3,mobile_app,success,FALSE,23/04/2025 1:40
T00722,U332,190.31,mobile_app,success,FALSE,4/04/2025 8:58
T00723,U678,459.31,mobile_app,success,FALSE,17/03/2025 3:39
T00724,U604,17.21,in_store,success,FALSE,14/02/2025 8:24
T00725,U932,378.24,web,success,FALSE,18/04/2025 17:28
T00726,U150,466.42,mobile_app,success,FALSE,21/02/2025 21:09
T00727,U819,446.33,in_store,success,FALSE,4/03/2025 7:04
T00728,U802,237.8,mobile_app,success,FALSE,27/04/2025 6:55
T00729,U264,191.49,in_store,success,FALSE,3/05/2025 13:43
T00730,U188,15.94,web,failed,FALSE,12/03/2025 1:04
T00731,U409,247.04,mobile_app,success,FALSE,12/04/2025 0:40
T00732,U568,24.74,mobile_app,success,FALSE,11/04/2025 12:46
T00733,U354,71.09,web,success,FALSE,2/03/2025 8:22
T00734,U963,285.42,web,success,FALSE,3/03/2025 18:03
T00735,U400,338.06,web,success,TRUE,29/03/2025 4:56
T00736,U501,348.61,mobile_app,success,TRUE,3/03/2025 18:35
T00737,U712,104.63,in_store,success,FALSE,6/05/2025 10:12
T00738,U573,128.91,mobile_app,success,FALSE,21/02/2025 11:47
T00739,U570,418.61,web,success,FALSE,20/04/2025 16:11
T00740,U597,496,mobile_app,success,FALSE,8/03/2025 8:59
T00741,U941,179.79,web,failed,TRUE,20/02/2025 2:17
T00742,U793,386.9,in_store,success,TRUE,28/03/2025 20:07
T00743,U607,53.06,in_store,success,FALSE,2/05/2025 13:53
T00744,U978,384.87,in_store,success,FALSE,8/04/2025 12:03
T00745,U153,319.51,mobile_app,failed,FALSE,16/03/2025 1:07
T00746,U996,242.94,in_store,success,FALSE,12/03/2025 16:23
T00747,U727,404.06,in_store,success,FALSE,31/03/2025 0:00
T00748,U365,186.81,web,success,FALSE,22/03/2025 6:16
T00749,U950,214.82,web,success,FALSE,29/04/2025 10:57
T00750,U182,177.94,web,success,FALSE,14/03/2025 2:30
T00751,U812,59.02,mobile_app,success,FALSE,27/03/2025 4:05
T00752,U355,305.01,web,success,FALSE,14/04/2025 6:52
T00753,U558,114.94,mobile_app,success,FALSE,29/03/2025 4:25
T00754,U739,179.01,in_store,success,FALSE,16/04/2025 15:30
T00755,U563,38.02,in_store,success,FALSE,11/04/2025 19:37
T00756,U119,280.9,mobile_app,success,FALSE,4/03/2025 17:57
T00757,U642,48.61,web,success,FALSE,4/05/2025 3:54
T00758,U691,246.91,mobile_app,failed,FALSE,25/03/2025 22:12
T00759,U655,245.23,in_store,failed,FALSE,21/03/2025 4:56
T00760,U405,83.59,web,success,FALSE,9/03/2025 1:07
T00761,U467,458.74,web,success,FALSE,31/03/2025 20:10
T00762,U829,495.02,in_store,success,FALSE,25/02/2025 19:05
T00763,U758,292.47,mobile_app,success,FALSE,27/04/2025 10:32
T00764,U663,371.8,in_store,success,TRUE,8/04/2025 11:31
T00765,U619,19.98,in_store,success,FALSE,1/04/2025 4:41
T00766,U727,203.78,mobile_app,failed,FALSE,25/03/2025 5:35
T00767,U883,196.38,mobile_app,success,FALSE,21/02/2025 12:13
T00768,U219,146.88,mobile_app,success,FALSE,28/04/2025 18:09
T00769,U374,288.37,web,success,FALSE,12/04/2025 16:24
T00770,U144,65.42,web,success,FALSE,5/03/2025 13:53
T00771,U653,200.42,mobile_app,success,FALSE,31/03/2025 22:29
T00772,U108,498.46,in_store,success,FALSE,21/04/2025 5:42
T00773,U207,340.87,web,success,FALSE,20/03/2025 20:44
T00774,U874,468.1,web,failed,FALSE,17/02/2025 7:25
T00775,U915,37.49,mobile_app,success,FALSE,16/02/2025 16:29
T00776,U722,8.37,mobile_app,success,FALSE,4/04/2025 3:04
T00777,U703,70.35,in_store,success,FALSE,5/05/2025 0:55
T00778,U284,366.79,mobile_app,success,FALSE,11/04/2025 16:34
T00779,U117,227.14,web,success,FALSE,26/03/2025 8:59
T00780,U378,16.04,web,failed,FALSE,11/05/2025 20:46
T00781,U430,61.01,in_store,success,FALSE,11/03/2025 17:49
T00782,U597,220.85,web,success,FALSE,28/04/2025 1:07
T00783,U388,225.08,mobile_app,success,FALSE,16/03/2025 3:28
T00784,U622,302.65,mobile_app,success,FALSE,23/04/2025 7:40
T00785,U469,178.38,in_store,success,FALSE,20/03/2025 4:40
T00786,U223,136.71,in_store,failed,FALSE,24/03/2025 5:02
T00787,U416,434.57,mobile_app,success,FALSE,17/02/2025 21:09
T00788,U528,488.44,web,failed,TRUE,10/03/2025 14:52
T00789,U402,312.09,web,success,FALSE,14/02/2025 4:45
T00790,U128,314.92,in_store,success,FALSE,13/03/2025 10:54
T00791,U833,266.44,in_store,success,FALSE,12/03/2025 15:34
T00792,U650,174.95,mobile_app,failed,FALSE,10/05/2025 21:23
T00793,U135,372.84,mobile_app,success,FALSE,6/05/2025 11:25
T00794,U853,299.1,mobile_app,success,FALSE,12/05/2025 4:03
T00795,U305,201.76,web,success,FALSE,7/03/2025 7:24
T00796,U795,86.73,mobile_app,failed,TRUE,7/05/2025 4:41
T00797,U276,363.7,web,success,FALSE,23/02/2025 3:26
T00798,U806,96.1,mobile_app,success,FALSE,9/05/2025 0:33
T00799,U425,118.47,mobile_app,success,FALSE,6/03/2025 13:36
T00800,U573,243.8,mobile_app,success,TRUE,20/03/2025 20:37
T00801,U632,278.82,web,success,FALSE,4/03/2025 7:26
T00802,U879,402.2,web,success,TRUE,18/04/2025 3:49
T00803,U405,369.79,web,success,FALSE,21/03/2025 23:37
T00804,U858,64.73,web,success,FALSE,13/03/2025 20:24
T00805,U923,208.18,web,success,FALSE,9/03/2025 2:09
T00806,U169,355.06,in_store,success,FALSE,9/04/2025 1:32
T00807,U856,484.14,in_store,success,TRUE,12/02/2025 17:33
T00808,U719,271.11,web,success,FALSE,21/03/2025 15:53
T00809,U212,91.55,web,success,FALSE,17/02/2025 13:44
T00810,U981,263.08,web,success,FALSE,5/05/2025 13:22
T00811,U276,350.99,web,success,FALSE,24/02/2025 23:45
T00812,U929,398.17,mobile_app,success,FALSE,8/05/2025 4:22
T00813,U180,124.53,web,success,FALSE,17/04/2025 21:22
T00814,U223,323.01,in_store,success,FALSE,1/05/2025 11:47
T00815,U437,488.01,in_store,success,FALSE,21/03/2025 16:24
T00816,U657,88.81,web,success,FALSE,7/04/2025 3:00
T00817,U298,341.96,mobile_app,success,FALSE,11/05/2025 3:59
T00818,U439,295.98,mobile_app,success,FALSE,11/02/2025 9:42
T00819,U444,343.94,web,success,FALSE,18/04/2025 9:11
T00820,U308,307.51,web,success,FALSE,15/04/2025 8:10
T00821,U355,256.37,in_store,success,FALSE,7/05/2025 11:00
T00822,U806,380.96,web,success,FALSE,12/02/2025 20:47
T00823,U895,435.07,in_store,success,FALSE,4/05/2025 11:11
T00824,U321,424.97,in_store,success,FALSE,10/03/2025 2:34
T00825,U323,350.7,web,failed,TRUE,11/04/2025 3:21
T00826,U784,11.97,mobile_app,failed,FALSE,25/03/2025 17:48
T00827,U931,341.44,in_store,success,FALSE,18/04/2025 10:52
T00828,U127,70.26,web,failed,FALSE,20/02/2025 8:57
T00829,U214,94.42,mobile_app,success,FALSE,23/03/2025 7:40
T00830,U265,391.19,mobile_app,failed,FALSE,26/04/2025 4:21
T00831,U124,107.09,in_store,success,FALSE,2/05/2025 8:26
T00832,U921,292.1,mobile_app,success,FALSE,25/03/2025 22:16
T00833,U829,292.37,mobile_app,success,FALSE,12/05/2025 1:49
T00834,U877,132.84,in_store,failed,FALSE,14/02/2025 5:05
T00835,U827,300.4,mobile_app,failed,FALSE,26/02/2025 5:35
T00836,U395,237.61,in_store,success,FALSE,28/04/2025 15:56
T00837,U263,460.34,in_store,success,FALSE,11/05/2025 10:06
T00838,U568,416.65,web,success,FALSE,28/03/2025 17:04
T00839,U871,330.93,in_store,success,FALSE,7/05/2025 0:35
T00840,U142,396.12,mobile_app,failed,FALSE,31/03/2025 2:20
T00841,U522,143.36,mobile_app,success,FALSE,31/03/2025 1:22
T00842,U182,326.96,in_store,success,FALSE,25/04/2025 0:21
T00843,U471,174.02,in_store,success,FALSE,2/04/2025 10:33
T00844,U155,109.45,in_store,success,FALSE,7/04/2025 14:32
T00845,U218,456.35,mobile_app,success,FALSE,23/03/2025 8:54
T00846,U555,331.33,mobile_app,success,FALSE,26/03/2025 10:38
T00847,U646,169.63,in_store,success,TRUE,5/05/2025 7:34
T00848,U820,74.37,web,failed,FALSE,24/02/2025 10:31
T00849,U459,476.52,mobile_app,success,FALSE,22/02/2025 20:20
T00850,U945,476.17,web,success,FALSE,8/05/2025 15:02
T00851,U706,235.93,mobile_app,success,FALSE,12/02/2025 9:51
T00852,U330,458.17,web,success,FALSE,27/04/2025 13:47
T00853,U158,100.45,in_store,success,TRUE,25/04/2025 21:28
T00854,U544,439.5,web,failed,FALSE,27/02/2025 13:19
T00855,U903,188.9,web,success,FALSE,15/04/2025 17:05
T00856,U714,205.54,in_store,success,FALSE,8/03/2025 5:37
T00857,U245,103.08,in_store,success,FALSE,31/03/2025 6:56
T00858,U851,330.69,in_store,success,FALSE,12/04/2025 8:54
T00859,U377,319.58,mobile_app,success,TRUE,8/05/2025 9:44
T00860,U712,99.27,mobile_app,success,FALSE,13/02/2025 23:21
T00861,U517,113.05,mobile_app,success,FALSE,20/04/2025 21:55
T00862,U635,177.35,mobile_app,success,FALSE,20/04/2025 6:35
T00863,U154,474.8,in_store,success,FALSE,5/04/2025 12:09
T00864,U385,159.13,mobile_app,success,FALSE,7/05/2025 10:30
T00865,U475,376.77,web,success,FALSE,21/02/2025 15:56
T00866,U637,49.99,in_store,success,FALSE,9/03/2025 11:08
T00867,U186,432.58,in_store,success,FALSE,5/04/2025 9:00
T00868,U680,351.5,web,success,FALSE,19/03/2025 6:22
T00869,U831,53.11,web,success,FALSE,25/02/2025 16:19
T00870,U803,208.89,in_store,success,TRUE,13/04/2025 13:31
T00871,U221,31.8,mobile_app,success,FALSE,15/02/2025 2:40
T00872,U128,471.36,mobile_app,success,FALSE,11/02/2025 11:45
T00873,U241,149.52,web,success,FALSE,2/03/2025 1:28
T00874,U245,493.56,web,success,FALSE,19/02/2025 12:57
T00875,U352,444.56,in_store,success,FALSE,26/04/2025 22:16
T00876,U846,386.28,mobile_app,success,FALSE,6/03/2025 18:15
T00877,U660,371.24,mobile_app,success,FALSE,13/02/2025 3:08
T00878,U182,482.31,mobile_app,success,FALSE,17/02/2025 0:03
T00879,U354,443.78,web,success,FALSE,14/03/2025 13:39
T00880,U163,446.62,web,success,FALSE,27/03/2025 4:12
T00881,U314,353.48,in_store,success,FALSE,16/03/2025 9:44
T00882,U980,138.37,in_store,success,FALSE,15/02/2025 5:18
T00883,U905,195.76,in_store,success,FALSE,2/04/2025 14:13
T00884,U829,195.86,web,success,FALSE,29/03/2025 0:45
T00885,U517,103.94,in_store,success,FALSE,18/04/2025 7:44
T00886,U879,397.11,web,success,FALSE,21/04/2025 17:47
T00887,U430,338.07,in_store,success,FALSE,3/04/2025 4:23
T00888,U313,312.34,mobile_app,success,FALSE,10/05/2025 13:51
T00889,U921,258.37,mobile_app,success,FALSE,1/04/2025 17:24
T00890,U499,450.52,web,success,FALSE,13/03/2025 1:02
T00891,U944,455.27,in_store,success,FALSE,17/04/2025 20:29
T00892,U726,429.02,in_store,success,FALSE,16/03/2025 1:31
T00893,U146,147.61,mobile_app,success,FALSE,17/03/2025 18:51
T00894,U699,245.24,web,success,TRUE,26/02/2025 17:56
T00895,U420,187.89,web,success,FALSE,30/04/2025 10:34
T00896,U541,493.56,mobile_app,success,FALSE,8/05/2025 16:46
T00897,U869,388.34,mobile_app,success,FALSE,18/02/2025 7:07
T00898,U327,33.45,mobile_app,success,FALSE,14/02/2025 7:07
T00899,U756,75.6,in_store,success,FALSE,8/03/2025 10:55
T00900,U675,20.49,in_store,success,FALSE,6/05/2025 22:17
T00901,U417,443.4,web,success,FALSE,27/04/2025 17:25
T00902,U268,416.41,web,success,FALSE,7/04/2025 7:13
T00903,U138,41.39,web,success,FALSE,26/04/2025 4:29
T00904,U192,102.49,in_store,failed,FALSE,7/03/2025 14:34
T00905,U870,114.64,web,success,FALSE,25/03/2025 22:09
T00906,U202,210.85,web,success,FALSE,10/03/2025 9:30
T00907,U903,325.41,in_store,success,FALSE,12/03/2025 10:18
T00908,U733,349.62,in_store,success,FALSE,11/04/2025 20:08
T00909,U992,360.6,in_store,success,FALSE,3/04/2025 1:22
T00910,U318,487.53,in_store,success,FALSE,8/03/2025 16:58
T00911,U147,321.81,mobile_app,success,FALSE,2/03/2025 4:47
T00912,U152,176.65,mobile_app,success,FALSE,18/02/2025 12:47
T00913,U213,292.87,web,failed,TRUE,11/02/2025 9:24
T00914,U635,392.27,mobile_app,success,TRUE,14/04/2025 12:43
T00915,U416,38.02,in_store,success,FALSE,16/03/2025 7:00
T00916,U455,287.93,web,success,FALSE,26/03/2025 20:55
T00917,U470,465.9,web,success,FALSE,15/02/2025 9:05
T00918,U123,96.39,web,success,FALSE,16/02/2025 21:13
T00919,U472,435.91,mobile_app,success,FALSE,30/03/2025 1:09
T00920,U970,70.02,in_store,success,FALSE,6/05/2025 5:23
T00921,U176,427.8,web,success,FALSE,28/04/2025 3:50
T00922,U723,462,web,success,FALSE,15/04/2025 8:50
T00923,U740,295.08,mobile_app,success,FALSE,22/02/2025 13:03
T00924,U961,133.44,mobile_app,success,FALSE,4/05/2025 0:17
T00925,U994,51.66,in_store,success,FALSE,11/03/2025 6:47
T00926,U773,137.34,mobile_app,success,FALSE,6/05/2025 21:58
T00927,U432,74.11,in_store,failed,FALSE,18/03/2025 1:21
T00928,U510,422.63,web,success,FALSE,12/04/2025 11:09
T00929,U189,454.32,in_store,success,FALSE,23/02/2025 6:08
T00930,U425,148.32,in_store,success,FALSE,5/03/2025 13:06
T00931,U132,161.36,web,success,FALSE,4/03/2025 4:50
T00932,U445,278.52,in_store,success,FALSE,30/04/2025 11:52
T00933,U643,128.61,in_store,success,FALSE,28/02/2025 11:13
T00934,U496,451.07,mobile_app,success,TRUE,7/05/2025 10:16
T00935,U462,193.19,in_store,success,FALSE,21/03/2025 18:48
T00936,U584,75.83,in_store,success,FALSE,8/05/2025 23:49
T00937,U571,91.69,in_store,success,FALSE,4/05/2025 15:58
T00938,U468,217.76,in_store,success,FALSE,19/02/2025 1:45
T00939,U160,12.58,web,success,FALSE,8/03/2025 19:59
T00940,U821,62.94,in_store,success,FALSE,27/04/2025 23:21
T00941,U565,169.72,in_store,success,FALSE,6/05/2025 17:31
T00942,U773,295.18,in_store,success,FALSE,6/04/2025 10:35
T00943,U798,310.27,in_store,success,FALSE,12/03/2025 8:17
T00944,U633,317.55,web,failed,FALSE,23/04/2025 9:52
T00945,U560,92.18,mobile_app,success,FALSE,17/04/2025 13:55
T00946,U349,168.16,web,success,FALSE,24/04/2025 15:37
T00947,U310,231.38,web,success,TRUE,14/03/2025 7:45
T00948,U133,335.17,in_store,success,FALSE,27/03/2025 2:54
T00949,U913,30.02,web,success,FALSE,29/04/2025 6:43
T00950,U260,327.87,web,failed,FALSE,13/02/2025 6:35
T00951,U864,149.98,mobile_app,success,FALSE,2/04/2025 2:34
T00952,U775,113.42,web,success,TRUE,15/02/2025 0:39
T00953,U507,377.06,web,success,FALSE,4/04/2025 13:53
T00954,U337,464.12,in_store,success,FALSE,2/03/2025 16:05
T00955,U909,207.86,mobile_app,success,FALSE,13/04/2025 5:13
T00956,U949,261.57,mobile_app,success,FALSE,14/04/2025 22:21
T00957,U879,65.54,web,failed,FALSE,24/04/2025 18:39
T00958,U895,15.22,mobile_app,success,TRUE,6/03/2025 21:50
T00959,U685,400.5,in_store,success,FALSE,3/04/2025 18:45
T00960,U836,463.38,mobile_app,success,FALSE,21/02/2025 14:06
T00961,U729,193.91,web,success,FALSE,27/04/2025 11:50
T00962,U405,188.42,web,success,FALSE,12/02/2025 19:17
T00963,U445,256.86,mobile_app,success,FALSE,28/03/2025 19:34
T00964,U818,9.71,mobile_app,success,FALSE,12/02/2025 16:10
T00965,U392,428.37,in_store,success,FALSE,11/02/2025 19:59
T00966,U463,71.16,web,success,TRUE,10/05/2025 18:52
T00967,U451,434.07,web,success,TRUE,18/04/2025 2:48
T00968,U974,323.84,in_store,success,FALSE,10/03/2025 9:34
T00969,U383,186.47,in_store,success,FALSE,24/03/2025 23:34
T00970,U236,497.31,mobile_app,success,FALSE,26/02/2025 21:27
T00971,U511,154.52,mobile_app,success,FALSE,8/05/2025 22:28
T00972,U859,236.05,mobile_app,success,TRUE,10/05/2025 15:14
T00973,U554,283.97,web,success,FALSE,7/03/2025 16:38
T00974,U496,263.46,mobile_app,failed,FALSE,15/04/2025 18:33
T00975,U578,393.48,in_store,failed,TRUE,3/03/2025 1:53
T00976,U347,259.14,web,success,FALSE,18/04/2025 14:10
T00977,U353,339.33,web,success,TRUE,4/04/2025 7:14
T00978,U898,154.98,web,success,TRUE,16/03/2025 13:05
T00979,U983,97.05,mobile_app,success,FALSE,5/04/2025 23:01
T00980,U272,63.68,web,failed,FALSE,7/03/2025 23:03
T00981,U138,199.4,in_store,failed,FALSE,12/03/2025 19:51
T00982,U313,99.54,mobile_app,success,FALSE,21/02/2025 22:06
T00983,U785,78.01,in_store,success,FALSE,23/02/2025 11:36
T00984,U748,358.14,mobile_app,success,FALSE,7/05/2025 7:11
T00985,U547,441.22,mobile_app,success,FALSE,27/04/2025 5:08
T00986,U609,269.78,in_store,success,FALSE,1/04/2025 12:08
T00987,U332,478.65,in_store,success,FALSE,26/03/2025 17:20
T00988,U409,239.54,in_store,success,FALSE,12/04/2025 18:09
T00989,U143,344.52,mobile_app,success,FALSE,20/03/2025 4:02
T00990,U108,58.41,mobile_app,success,FALSE,13/03/2025 13:09
T00991,U749,372.26,web,success,FALSE,3/05/2025 6:56
T00992,U506,321.69,web,success,FALSE,20/03/2025 3:19
T00993,U357,460.29,in_store,success,FALSE,8/05/2025 17:15
T00994,U803,313.79,in_store,success,FALSE,20/04/2025 9:10
T00995,U402,468.21,mobile_app,failed,FALSE,6/05/2025 12:12
T00996,U457,352.11,web,success,FALSE,10/03/2025 20:29
T00997,U768,269.26,web,success,FALSE,28/02/2025 20:38
T00998,U135,497.47,mobile_app,success,TRUE,23/03/2025 5:47
T00999,U913,304.36,mobile_app,success,FALSE,11/05/2025 4:54
